num_topics,r2
2,0.025849749918793827
3,0.03625604309266888
4,0.04062598517103564
6,0.051457893869300705
7,0.054609328499635824
10,0.06509488097336046
16,0.08201938573508961
