num_topics,r2
2,0.030993472071120458
3,0.040010293201558994
4,0.04674741122117545
6,0.058928645938026505
7,0.06417888530271143
10,0.07770108193817936
16,0.10401098934318928
