num_topics,r2
2,0.035161529990224316
3,0.043577647828419365
4,0.052921911904766646
6,0.06490382365492589
7,0.06909708623497894
10,0.08144306549756956
16,0.09924643746478026
