num_topics,r2
2,0.09133082352074584
3,0.11851875895366681
4,0.1512836214555074
6,0.18396648670654928
7,0.1923092770148081
10,0.22228257633713322
16,0.26408189005438815
